X,Y,Z,Roll ,Pitch,Yaw
0,0.25,0.001680491,-23.74,-2.15,3.04
55.5,-7.5,0,0,0,0
66.25,199.75,0.035590559,19.67,-0.91,-0.68
-2.5,1.5,-0.004540342,15.49,-3.62,-3.8
-2.25,2,-0.005342259,14.67,-6.69,-0.65
-2.75,2,-0.005209002,13.81,-6.63,-0.63
-2.5,2,-0.005693382,12.69,-0.25,-3.75
-2,2,-0.003894764,11.56,-3.25,-0.6
-2.25,2.5,-0.004618264,10.27,-3.16,-0.57
-2,1.75,-0.002945389,9.01,-3.16,-0.41
-7.75,8.25,-0.009055461,7.03,-0.12,-3.35
-1.75,1,-0.00146157,1.89,-3.15,0.45
-39,-221.5,-0.002466245,3.63,-2.74,-2.72
38,223,-0.001059371,16.54,-1.27,2.64
-1,0,-0.000768559,-0.48,-3.15,0.75
-0.25,0.5,-0.000716304,-0.79,-0.01,-2.33
-0.75,-5.5,-0.012554802,-0.75,-3.1,0.82
-0.5,-0.5,0.001153701,-0.24,-0.02,-2.38
0.25,-0.25,-0.001173431,-0.23,0,-2.38
0.25,-0.25,5.59E-06,-0.32,-3.13,0.75
0,0,0,-0.15,-3.13,0.72
0,-0.5,0.001510119,0.05,-0.01,-2.41
0.5,-0.75,-0.000486694,0.16,0.01,-2.45
-35.25,-214.5,0.012313317,3.12,-2.75,-2.67
36,213.75,-0.013055854,17.1,1.88,-0.51
0.5,-1.75,0.00221091,1.24,0,-2.55
1,-1.5,0.000931414,1.93,0.01,-2.64
-1.5,1.75,0.00176555,2.5,-0.03,-2.73
1.5,-2.5,0.003688396,1.75,-3.12,0.53
3.25,-3,0.004568907,3.25,-3.09,0.34
0.75,-1.25,0.002229354,5.36,-3.12,0.07
2.25,-2.25,0.003240816,6.28,-3.1,-0.05
3.25,-3,0.006662721,8.01,0.04,-3.37
1.25,-1.5,0.001609163,9.8,-3.11,-0.46
-46.75,-196.75,-0.015935522,11.68,-2.92,-3.8
49,195,0.017263334,18.81,2.06,-0.6
2,-0.75,0.004081176,11.77,-3.15,-0.62
2.25,-1,0.00481473,12.8,-3.26,-3.77
2.75,-1,0.004932422,13.7,-3.33,-3.79
2.25,-1,0.00505465,14.72,-3.44,-3.8
2.75,-1.75,0.004344239,15.48,-6.61,-0.69
2.25,-2,0.004814085,16.27,-6.7,-0.71
2.25,-2.75,0.006024351,17.21,-0.49,-0.72
2.25,-3.25,0.004170005,17.84,-0.52,-0.74
2.25,-3.75,0.004778138,18.65,-3.71,2.38
-68.25,-176,-0.083988415,17.47,-3.84,2.42
70.75,171.5,0.049375537,21.64,-3.89,2.36
2.5,-3.75,0.004604242,20.06,-0.64,-0.79
2.5,-3.75,0.005834438,20.69,-3.78,2.32
2.5,-4,0.005520522,21.28,-0.68,-0.84
2.75,-4.25,0.005410699,21.82,-3.81,2.28
2.25,-4.25,0.0058779,22.35,-3.84,2.26
2.5,-3.5,0.005631182,22.88,-0.71,-0.9
2,-4.25,0.004408489,23.28,-0.72,-0.91
2,-3.25,0.004143576,23.67,-0.71,-0.93
9.75,-15,0.018658042,24.95,-3.71,2.12
-97.5,-123.25,-0.224448481,19.36,-4.44,2.42
99,121,0.074850046,25.91,-3.4,2.12
-191.75,50.75,0.114527878,50.83,0,0
74.5,33.5,nan,0,0,0
-188.5,50.25,0.114098604,51.63,0,0
3,-3,0,11.87,0,0
2.5,-2.5,0.006377383,12.06,0,0
3,-3,0,12.29,0,0
2.5,-3,-0.002103977,12.39,0,0
2.5,-3,0.002081535,12.67,0,0
-5,6.5,0.0126445,12.1,0,0
3,-2.5,0.004554057,12.52,0,0
-168.75,-41.75,0.035905943,-39.3,0,0
171.25,39.25,-0.046496966,54.64,0,0
2,-1.5,0.004566619,12.77,0,0
1.5,-1,0.002211062,12.93,0,0
1,-0.5,-0.004686401,12.94,0,0
0,-15.5,-0.009134107,13.53,0,0
2,0,0,13.36,0,0
2,0.5,-0.00450231,13.41,0,0
2,0.5,-4.85E-05,13.56,0,0
1.5,2,0.003266794,-30.3,0,0
3,1.75,0.002243621,15.52,-1.16,-0.76
-182,-26.25,0.043120323,4.84,-2.33,-0.18
184.5,26.75,-0.055524787,14.87,-3.77,-3.91
2.5,4.25,0.002146632,17.82,-1.09,-0.8
3.75,4.75,0.005807473,20.75,-4.07,2.28
81.25,2.75,nan,0,0,0
-161.5,62.5,0.11728574,19.21,-1.13,-0.9
80.25,2.25,0.009299501,39.12,0,0
83.75,-62.25,-964121.0805,28.34,0,0
-157,60.5,0.118652703,19.75,-1.07,-0.93
79,3.5,nan,0,0,0
72.25,1.75,0.009841745,38.59,0,0
81.25,-61.75,-951165.9766,28.33,0,0
-147.5,61,0.125934304,24.27,-3.91,2.05
-212.75,-39.5,-0.019353437,2.41,-5.55,2.92
280,41.25,0.009883257,40.6,0,0
86.25,-44.75,-851903.6304,28.33,0,0
-140.25,54.5,0.121594401,23.61,-3.96,2.07
68.25,4,0,0,0,0
-66,20.5,0,0,0,0
-140.25,53.75,0.121700322,23.87,-0.83,-1.06
68.25,4.5,0,0,0,0
-73.5,57,0,0,0,0
-73,57,0,0,0,0
-72.5,57,0,0,0,0
-72.75,56.75,0,0,0,0
122,114.75,0.094695136,28.51,-3.07,1.93
-71.5,56.5,0,0,0,0
-72.5,56.5,0,0,0,0
-68.5,57.25,0,0,0,0
70.75,14,0,0,0,0
-50.5,51.5,0.004989503,40.19,-2.41,-0.32
50,-46.5,-1985857.864,28.92,-0.53,-1.3
-42,-7,0,0,0,0
-42.5,-7.5,0,0,0,0
-42.75,-8,0,0,0,0
-42,-8,0,0,0,0
-41.5,-7.5,0,0,0,0
22,13,0.012235209,20.1,-3.87,2.39
-239,109.75,0.101052354,3.47,-1.91,-0.24
325.5,70,0,0,0,0
94,30.5,0,0,0,0
93.5,30.5,0,0,0,0
92.5,30.75,0.010342126,-0.73,0,0
-93,-30.75,-269956.9377,56.11,0,0
95.5,32.5,0,0,0,0
-42.25,-6.75,0,0,0,0
-52,52,0,0,0,0
93.5,33,0,0,0,0
93.5,33.75,0,0,0,0
-53.25,51.75,0,0,0,0
-220.75,-38.75,0.074133863,7.37,-5.71,2.41
317.75,75,0,0,0,0
0,0.25,0.000881838,27.27,-0.59,-1.17
0,0,0,27.26,-0.59,-1.17
-0.25,0.25,-0.002798445,27.32,-0.59,-1.17
-0.25,0,2.99E-05,27.17,-3.71,1.97
0,0.25,0.000879952,27.24,-0.59,-1.17
-0.25,0.25,-0.002785521,27.29,-0.59,-1.17
0,-0.5,0.00064077,27.22,-0.59,-1.16
-0.25,-0.5,-0.000607668,27.18,-3.71,1.97
-107.75,-140.75,-0.470496897,20.4,-1.37,-0.78
107.75,140.75,0.091740717,27.65,-3.22,1.97
-0.25,-1,-0.001236158,27.25,-0.6,-1.16
-0.5,-0.5,-0.001832262,27.25,-0.59,-1.16
-0.25,0,4.09E-05,27.1,-3.72,1.97
-152.75,36.5,0.112285804,54.85,0,0
-1,6.5,0.008946414,-28.92,0,0
-180.75,-74.5,0.007453582,7.05,-5.16,2.8
7.25,1.5,-0.008562306,8.76,-1.76,-0.35
7.25,1.5,0.005634945,8.98,-4.79,2.75
7,2,-0.005342446,9.48,-4.84,2.73
63.75,15,0,0,0,0
2.75,4.5,0.005803668,23.72,-0.76,-0.89
-67.25,-51.75,-0.05854941,18.83,-1.15,-0.7
70,56.25,0.039682983,24.22,-3.57,2.24
-217.25,97,0.109970856,15.89,1.97,-0.7
1.25,-11,0.0023467,1.94,-6.99,-0.48
4,3,0,10.74,-4.75,2.65
5,2.5,0.00438814,10.88,-1.6,-0.5
8,16,-0.0002885,20.53,-1.12,-0.73
1,-12.25,0.005399479,3.5,-7.1,-0.52
4.5,1.75,-0.003386303,11.38,-1.56,-0.53
9,15.75,0.00160988,22.97,-4.1,2.32
-0.5,-15,0.006211624,4.43,-7.17,-0.57
4.5,0,-0.002737516,11.95,-4.62,2.56
-91.5,-34.25,0,0,0,0
2.5,0.5,0.004200681,25.23,-0.71,-0.99
2.25,0,0.004107986,25.35,-3.83,2.13
4.25,2.5,0.010631656,25.69,-0.69,-1.02
2,0,0.003585951,25.88,-0.69,-1.04
1.75,-1.5,0.005643,25.99,-3.81,2.09
1.25,-0.5,0.001738595,26.24,-0.69,-1.05
1,-1,0.004065974,26.26,-3.81,2.08
0.5,-1.25,0.00194006,26.38,-0.68,-1.06
0.5,-0.5,0.001184543,26.41,-0.68,-1.06
-107.5,-81,-0.25347805,19.29,-1.42,-0.7
-257.5,127.25,0.097866027,2.29,-1.57,2.8
190,30,0.034023362,-4.3,-4.12,2.45
1,-1,0,21.29,-3.84,2.21
279.5,-198.5,0,0,0,0
0,-1,0,26.68,-0.67,-1.08
0.5,-0.5,0.001221203,26.7,-0.66,-1.08
0,-0.25,0.000784212,26.76,-0.66,-1.09
6.5,2.75,0.020532086,27.11,-3.74,2.02
0,0,0,27.14,-3.78,2.02
0.25,-0.5,-0.003164954,27.04,-3.77,2.02
-116.75,-79.25,-0.331135532,19.33,-1.49,-0.7
116.75,79.25,0.08151989,27.01,-3.13,2.02
0,0,0,27.05,-3.78,2.02
-0.25,-0.75,-0.002296825,27.12,-3.78,2.02
-104.5,87.25,0,0,0,0
-0.5,-0.75,0.004596326,22.49,-3.84,2.16
-1,-0.75,0.001615069,22.59,-3.85,2.17
63.5,14,0,0,0,0
-0.75,-1.25,-0.001028558,27.02,-3.8,2.03
-171,73.5,0.122589827,23.05,-4.05,2.16
70,-4.25,0,0,0,0
-142.5,-26,0,0,0,0
-173.25,74.75,0.123643592,23,-0.93,-0.97
67.25,-6.25,0.009759759,37.81,0,0
103.75,-70.25,-1195256.932,26.61,0,0
-176.5,74.5,0.124102074,21.48,-4.12,2.21
67.75,-6.25,0.009868688,38.18,0,0
106.25,-72.25,-1229702.924,26.59,0,0
-179.5,76.25,0.124118088,20.57,-4.15,2.23
67.25,-6.5,0.013119239,38.3,0,0
109.25,-72.75,-542701.8681,26.48,0,0
-182.75,77,0.123916223,19.89,-1.07,-0.88
67.75,-5.5,0.017193689,49.66,-0.1,-1.24
112.5,-73.25,-246417.5875,26.29,-4.16,2.08
-184.5,78.75,0.123274552,19.86,-4.18,2.25
67,-5.5,0.017129304,49.53,-0.11,-1.24
15.5,-133.25,-439665.2687,19.33,-1.75,-0.7
100.5,60.5,0.072583209,26.18,-0.14,-1.05
-186,79,0.123239389,19.61,-1.07,-0.87
67,-4.25,0.007128373,38.38,-1.65,-0.46
118,-73.25,-3717918.032,26.11,-1.06,-1.04
-187,79,0.123052442,19.39,-4.21,2.28
65.5,15.75,0,0,0,0
68,-4.5,0,0,0,0
0.5,0.5,0.002617342,26.15,-3.84,2.09
0.25,0.5,-0.002093687,26.22,-3.84,2.09
0.25,-0.75,0.00200913,26.13,-3.82,2.08
0.25,-0.5,-0.000152443,26.32,-0.71,-1.05
-101,-64.5,-0.219673412,19.31,-1.4,-0.7
-257.5,127.25,0.097866027,2.29,-1.57,2.8
170.5,6.25,0.030125507,-13.88,-1.36,-0.51
0,0,0,14.8,-1.21,-0.74
-0.5,0,-0.002725569,14.85,-4.34,2.4
-0.75,-0.25,-0.001992065,14.98,-4.37,2.41
-1.25,-0.5,-0.004166804,14.85,-4.33,2.41
302.5,-197,0,0,0,0
-1,-1,-0.001444812,26.13,-0.71,-1.04
-0.5,-1.25,6.88E-05,26.15,-3.85,2.1
-1,-0.75,-0.002981415,26.12,-3.85,2.1
-97,-56.75,-0.205855973,19.37,-1.4,-0.69
96.75,56.25,0.069972847,25.99,-3.3,2.1
-1.25,-1.5,-0.000903745,26.06,-3.86,2.11
-1,-1.25,-0.004641399,26,-0.73,-1.03
-1.25,-0.75,-0.002688377,25.83,-3.85,2.11
-1,-0.75,-0.001596259,25.87,-3.89,2.13
-1.25,-0.25,-0.001077842,25.85,-0.73,-1.01
-1.5,0,-0.0026674,25.76,-0.75,-1
-202.75,74.75,0.118732189,11.41,-4.53,2.47
65.25,27.75,0,0,0,0
-0.75,1,-0.002755172,25.45,-3.88,2.15
-87.25,-54.75,-0.15617132,19.27,-1.33,-0.7
-257.5,127.25,0.097866027,2.29,-1.57,2.8
55.5,-7.5,0,0,0,0
-0.75,0.75,-0.00345097,25.25,-0.75,-0.98
-0.75,1.5,-0.000756322,25.07,-3.88,2.16
-1,1,-0.000603871,25.1,-0.77,-0.96
-0.5,0.75,-0.002267787,24.84,-3.89,2.18
-0.25,0.75,-4.22E-05,24.95,-0.77,-0.96
-210,72.25,0.118235288,9.08,-4.65,2.56
-0.75,-3.5,-0.004229284,12.86,-1.42,-0.58
-0.25,-0.25,0.00181555,12.55,-1.37,-0.59
-1,0.5,-0.006411768,12.82,-1.42,-0.58
-1,2.5,-0.004586459,13.65,-4.5,2.55
-127,-4.75,-0.0463218,5.12,-1.82,2.8
127.25,5.5,0.038505231,-15.47,-4.76,2.77
-0.25,0.5,-0.000318514,13.66,-1.3,-0.59
-0.25,0,-0.002447068,13.78,-1.26,-0.59
0.25,0.5,-0.002052036,13.56,-1.21,-0.6
-0.5,0.25,0.00085317,13.75,-1.22,-0.6
0,0.25,-0.002172008,13.55,-1.21,-0.6
-0.25,-0.25,0.004208774,13.6,-1.24,-0.59
0.25,-0.25,-0.000546586,13.47,-4.32,2.54
0.25,-0.5,-0.000358848,13.54,-1.25,-0.59
0,0.5,0.000415532,13.41,-1.25,-0.58
-71.25,-14,0,0,0,0
-0.5,-0.25,0.001643637,25.01,-3.89,2.18
0.5,0,-0.000948447,25.09,-0.76,-0.96
0,-0.5,0.001831026,25.03,-3.88,2.18
0,0,0,25.05,-3.89,2.18
0,-0.25,0.00103484,25.07,-0.76,-0.96
0.25,-0.5,0.002527555,25.08,-0.75,-0.96
0.25,-0.25,-0.000921466,25.17,-0.76,-0.96
0.5,0.25,0.000540465,24.99,-3.88,2.17
0,-0.25,-0.001409384,25.17,-0.75,-0.97
-83,-54.25,-0.137411338,19.24,-1.3,-0.7
83.5,53.25,0.059996688,25.27,-3.43,2.17
-208.5,80,0.118430423,10.11,-4.65,2.55
75,31.5,0,0,0,0
-124.75,107.5,0,0,0,0
-123.25,107.25,0.00510465,41.81,0.05,-1.36
123.75,-108,-382266.7611,25,-4.35,2.17
-210.75,84.5,0.118611416,11.8,-1.49,-0.6
80,25,0,0,0,0
80,24.25,0,0,0,0
85.75,20.75,0.030828338,72.85,0,0
124.75,-109.25,-55030.2054,-19.88,0,0
-209.75,90,0.119516497,15.21,-1.39,-0.65
85.75,17,0.037607547,33.33,0.59,-1.4
42,-157.75,-48229.91504,19.34,-1.74,-0.7
-257.5,127.25,0.097866027,2.29,-1.57,2.8
215.75,30,0.029145777,46.6,0,0
-14.25,-60.5,nan,0,0,0
-81.25,-17.5,-1259427.467,-28.94,0,0
86.25,14.5,0.043514077,31.57,-2.21,1.56
123,-108.5,-20923.47853,25.17,-1.19,-0.97
-208.25,93.25,0.120110553,16.44,-4.38,2.41
85.75,14,0.042687557,32.21,-2.2,1.52
122.5,-108,-23036.33672,25.17,-4.32,2.16
-208,93.75,0.119935925,16.86,-1.26,-0.72
85.5,13.75,0.042831694,32.93,0.53,-1.41
123,-107.5,-22978.30741,25.23,-4.31,2.16
-208.5,93.5,0.120218236,17.1,-4.39,2.41
85.5,14,0.043484905,32.84,0.54,-1.41
123,-107.5,-22978.30741,25.23,-4.31,2.16
-208,93,0.120364244,17.46,-1.25,-0.73
-77,-19.25,0,0,0,0
-208.5,93,0.120315969,17.32,-1.27,-0.72
85.5,14.5,0.043931634,32.74,0.55,-1.41
122.5,-107.5,-23036.33672,25.17,-4.32,2.16
-208,92.75,0.12023351,17.42,-4.39,2.41
85.5,15,0.040016225,32.72,0.55,-1.41
122.5,-107.5,-31637.78116,25.14,-4.32,2.16
-208.5,92,0.119956741,16.91,-4.39,2.41
85,16.25,0.042912359,30.95,-2.35,1.59
123,-108.5,-24050.88252,25.2,-1.2,-0.97
-209,91.5,0.120357557,16.3,-4.42,2.43
85,17.25,0.039474309,33.33,0.51,-1.4
123.5,-108.5,-31602.76539,25.11,-1.2,-0.97
-208.25,91.5,0.120020518,16.29,-4.39,2.42
83.75,17.25,0.043600035,32.46,-2.23,1.52
43,-155,-35243.79637,19.34,-1.74,-0.7
81,45.75,0.059537868,25.06,-0.3,-0.97
-124.75,109.25,0.012567192,32.33,0,0
124.5,-110,-24495.87186,25.18,0,0
-207.75,91.25,0.119528762,15.99,-1.24,-0.72
81,18.5,0.03992327,33.66,0.44,-1.4
125.5,-110,-32531.88058,25.07,-1.22,-0.96
-208.5,91.75,0.118638804,16.34,-1.21,-0.74
79.75,19.25,0.037803146,33.88,0,0
126.75,-111,-39643.6305,24.92,0,0
-208,92.5,0.118090583,16.71,-4.3,2.39
76.5,19.5,0.041044547,33.17,0.41,-1.4
130,-112,-33962.00184,24.76,-1.25,-0.94
-208,93.25,0.116407155,16.89,-4.24,2.37
75,20.25,0.042387574,34.17,0.55,-1.48
130.5,-113,-32584.2465,24.59,-1.27,-0.93
-207,94,0.115513876,17.14,-4.17,2.34
-68.5,-19.5,0,0,0,0
-208.25,93.75,0.114678771,16.3,-1.09,-0.78
67,22.75,0,0,0,0
70.75,21.25,0.042514,32.94,0.35,-1.4
136,-115,-35593.02864,24.47,-4.42,2.21
-134.5,114.5,0.007875997,35.01,0.46,-1.54
134,-114.5,-81877.92577,24.39,-4.44,2.22
-134.75,114.75,0.006746597,35.01,0,0
134.75,-115,-130334.4705,24.43,0,0
-136,114.5,0.007750644,36.31,-0.64,-0.99
136,-114.75,-86281.16761,24.46,-4.43,2.22
-135,114,0.005759505,37.57,-0.46,-1.08
135,-114.5,-211233.2305,24.42,-4.43,2.22
-138.5,115.5,0.004093066,66.98,0,0
-66,-23,-139818.3475,-28.58,0,0
62,22.5,0,0,0,0
63,21.75,0,0,0,0
-127.5,-8.5,-0.205606498,2.65,-1.99,2.8
189.5,31.5,0,0,0,0
133.75,-114.5,-426785.2975,24.68,0,0
-136,115,nan,0,0,0
67.75,21.5,0.016162574,0,0,0
134.5,-113.75,-730244.0925,-20.41,0,0
-147.25,114.5,0,0,0,0
62.5,23.75,0,0,0,0
62.5,24.75,0,0,0,0
61.5,25,0,0,0,0
65.25,24,0,0,0,0
63.25,24.5,0,0,0,0
63.5,24,0,0,0,0
75.25,41.25,0.049754642,24.58,-3.48,2.19
-158.25,35.5,0,0,0,0
197.5,-88.25,-1.866205189,25.85,-0.9,-0.95
-196.5,87.5,0.115235476,15.38,-0.91,-0.87
0.5,-0.25,-0.004761003,16.88,-4.17,2.25
0.25,0.25,0.006834223,16.65,-1.06,-0.87
-0.25,0,0.001165439,16.62,-1.03,-0.88
0.5,-0.75,-0.001171341,16.59,-4.18,2.25
0,0,0,16.57,-4.19,2.25
0,-0.25,-0.002236213,16.53,-4.19,2.25
0,0,-0.001138853,16.13,-1.09,-0.87
119.5,-127.25,-2.934110277,20.51,-1.43,-0.7
0,0,0,19.3,-0.85,-0.7
76.5,40.5,0.052488876,24.79,-0.34,-0.95
0.25,-0.5,0.00016168,24.75,-3.91,2.19
-0.25,0.25,-0.000848091,24.71,-0.76,-0.95
0.25,0,-0.000158509,24.84,-0.78,-0.95
0.25,0.25,0.001387614,24.81,-0.76,-0.95
0,0.75,-0.000685145,24.74,-3.9,2.19
0.75,0.25,0.001683361,24.79,-3.9,2.19
0.25,0.25,-0.000285941,24.81,-3.89,2.18
0,0.5,0.001658066,24.85,-0.77,-0.95
0.5,-0.25,-0.000126193,24.86,-3.89,2.18
-78.5,-42,-0.110511623,19.29,-1.29,-0.7
-257.5,127.25,0.097866027,2.29,-1.57,2.8
140,1,0.092684667,-8.93,-1.03,-0.67
1,-0.5,-0.001800476,18.73,-0.91,-0.92
0.5,0.5,0.000684567,19.31,-4,2.2
0.25,0,-0.002424555,18.99,-3.99,2.19
-0.75,0,-0.000662272,19.02,-4.03,2.21
-0.5,0,-0.004389257,18.68,-4.03,2.22
-1,0,-0.004737926,18.59,-0.91,-0.91
-1.5,0,-0.002274247,18.02,-0.95,-0.88
46.5,9.5,0,0,0,0
-78.75,-44.75,-0.123398129,19.31,-1.29,-0.7
-257.5,127.25,0.097866027,2.29,-1.57,2.8
132.25,1.5,0.070193538,-10.44,-4.35,2.56
-2.75,0.25,-0.004226713,15.46,-4.25,2.38
58,24.75,0,0,0,0
-1.5,0.5,-0.003395272,15.19,-4.23,2.41
56,-47.5,0,0,0,0
-211.5,82,0.117561339,13.55,-1.3,-0.68
-1,0,-0.00134286,14.61,-4.23,2.46
-1.25,0.5,-0.005171184,14.03,-4.26,2.48
-1.25,1,-0.003055847,14.38,-4.27,2.49
61.5,13,0,0,0,0
77.5,54.25,0.058048499,24.7,-0.37,-0.94
0.25,1,0.000755969,24.58,-3.9,2.2
0.25,0,-0.000183904,24.71,-0.78,-0.94
0,0.5,0.000306911,24.64,-0.78,-0.94
0.25,0.5,0.000452948,24.63,-3.89,2.19
-0.25,0.25,0.001800629,24.64,-3.91,2.19
0.25,0.5,-0.000769451,24.62,-0.77,-0.94
0,0.5,0,24.58,-3.91,2.2
-0.25,0.75,0.001809679,24.63,-3.92,2.2
0.25,1,-0.001356243,24.63,-0.8,-0.92
-78.25,-59.25,-0.134911377,19.26,-1.24,-0.7
77.75,60.25,0.059495128,24.67,-0.39,-0.93
0.25,1.25,-0.000287521,24.51,-3.89,2.2
0,1,0,24.48,-3.91,2.2
0,1,0,24.46,-3.91,2.2
0.5,0.25,-0.001702232,24.5,-0.78,-0.93
-0.5,0.5,-0.000888378,24.47,-0.78,-0.93
0,0,0,24.45,-0.77,-0.93
-0.25,0,0.000183622,24.32,-3.9,2.21
-0.5,0.25,-0.001624628,24.26,-3.91,2.2
-0.25,0.25,-2.17E-05,24.38,-0.79,-0.92
-77,-64.75,-0.127275691,19.2,-1.23,-0.7
77,64.75,0.057671696,24.45,-0.39,-0.92
-0.5,0.5,-0.002352618,24.23,-3.92,2.22
0,0,0,24.23,-3.92,2.22
-0.25,-0.25,0.000906532,24.14,-3.9,2.21
-0.25,0.25,-1.88E-05,24.28,-0.8,-0.92
0,-0.25,-0.000732732,24.2,-3.91,2.22
0.25,0,0.000182165,24.21,-3.92,2.22
-0.5,0,0.000565671,24.25,-3.91,2.22
-0.25,-0.5,-0.001320961,24.17,-0.79,-0.91
0,0,0,24.19,-0.79,-0.91
-75.5,-64.5,-0.121807535,19.2,-1.22,-0.7
75.5,64.5,0.056476914,24.29,-0.42,-0.91
0,0,0,24.19,-0.79,-0.91
0,0.5,0.000298932,24.14,-0.79,-0.91
-222.5,65.25,0.116735827,6.4,-1.75,-0.43
0.75,1,0.003554301,11.52,-1.57,-0.44
0.25,2,0.005671327,11.44,-1.53,-0.45
1,1,-0.003117391,11.56,-1.52,-0.46
1.5,1.25,0.001780863,11.77,-1.49,-0.47
1,0.75,-0.002472306,11.55,-1.48,-0.47
1.5,1.5,-0.000577836,11.74,-1.48,-0.47
1.25,1.25,0.001379342,11.7,-1.48,-0.46
-117.75,-11.75,-0.065902771,5.98,-1.71,2.8
119.5,13,0.048611318,-18.16,-1.88,-0.25
2.5,2.25,-7.58E-05,11.69,-1.46,-0.48
2.75,1.75,-0.001395361,11.7,-1.42,-0.49
65.75,17.5,0,0,0,0
1,1.5,0.001578778,24.51,-0.76,-0.94
1.25,2.25,0.003475347,24.48,-0.75,-0.95
1.25,3,0.003399053,24.57,-0.76,-0.95
2,2.5,0.003293784,24.64,-3.88,2.18
1.5,2.25,0.003465579,24.75,-0.75,-0.97
-92,-95.25,-0.198610385,19.27,-1.29,-0.7
94,98,0.070953524,24.88,-0.31,-0.97
1.75,2.5,0.003655456,24.82,-3.86,2.15
-2.75,-2.25,-0.007161409,24.85,-3.91,2.17
1.5,1.75,0.003540232,24.87,-3.87,2.16
2,1.75,0.004645371,25.01,-0.73,-0.98
1.25,2.5,0.002668819,24.99,-3.86,2.15
2.25,3.5,0.00385833,25.15,-0.74,-0.99
1,1.5,0.001866513,25.2,-0.73,-1
1.75,2.75,0.005099094,25.18,-0.72,-1
1.75,3.75,0.005564548,25.37,-3.86,2.13
-104.5,-115.75,-0.276832979,19.27,-1.35,-0.7
106.75,119.25,0.078859613,25.34,-3.32,2.11
1.75,4,0.007478939,25.46,-3.85,2.11
2,4,0.005886215,25.65,-3.84,2.11
2,4.25,0.003452751,25.66,-0.7,-1.04
1.5,3.25,0.004847292,25.66,-0.7,-1.04
2,4.5,0.008697171,25.79,-3.82,2.09
0.75,1.5,0.002470015,25.69,-3.81,2.08
1.25,3,0.002722215,25.81,-0.7,-1.06
1.25,2,0.005759941,25.83,-3.81,2.07
0.75,1.5,0.001354556,25.96,-0.7,-1.06
-120,-147.25,-0.43967588,19.31,-1.41,-0.7
0,0,0,19.3,-0.85,-0.7
-257.5,127.25,0.097866027,2.29,-1.57,2.8
205.5,69.25,0.046631917,-16.28,-4.8,2.78
4.25,4.25,-0.00120242,13.32,-1.39,-0.57
0,-0.25,-0.001841546,12.94,-4.44,2.56
-0.25,-0.25,0.00105427,13.29,-1.38,-0.57
-0.25,0,-0.000999851,13.06,-4.47,2.56
-0.75,0,0.000579393,13.5,-4.49,2.56
0.25,0,-0.001445776,13.23,-4.47,2.55
-0.25,-0.25,-0.004143722,13.44,-1.36,-0.57
-0.5,-0.25,0.001400394,13.67,-1.32,-0.58
-1,0,0,13.48,-1.32,-0.58
-151.5,-80,0,0,0,0
-0.25,0,-0.001136133,25.77,-0.7,-1.06
-0.25,0,0.000110225,25.62,-3.82,2.07
0,0,0,25.64,-3.83,2.07
0,0,0,25.64,-3.83,2.07
-0.25,0.25,-0.002616047,25.7,-3.83,2.08
-172.75,45.25,0.121669085,10.92,-1.65,-0.58
0,0,0,13.8,-1.27,-0.58
-0.25,0.5,0.000461776,13.84,-4.38,2.55
-0.5,0,-0.002345569,13.71,-4.41,2.56
-0.75,-0.25,0.005401769,13.83,-4.37,2.54
-204.25,-73.75,-0.051020587,5.24,-1.78,2.8
203,73.5,0.037335131,-15.21,-1.67,-0.35
-2,0,0,13.65,-1.27,-0.58
-2,-1,0,13.59,-1.27,-0.57
-3.75,-1,0.001553748,13.31,-4.39,2.56
-3,-2,0,13.32,-4.41,2.57
-4.25,-3,-0.00156543,13.32,-1.31,-0.55
-3.5,-3,0.000777238,13.15,-4.4,2.58
-4.5,-4,-0.007076533,12.96,-4.44,2.59
-4,-5,0,13.09,-4.42,2.59
-4.5,-5,-0.002312593,13.05,-4.43,2.59
-171.5,-49.5,-0.035649755,5.24,-1.71,2.8
167.25,44.5,0.030954323,-16.02,-4.86,2.82
92.25,20,0,0,0,0
-188.75,50.5,0.122264316,11.1,-1.59,-0.59
-4,-5,0,13.91,-1.26,-0.59
-4.25,-5,-0.000801683,13.78,-4.37,2.54
-4,-4.75,-0.002316033,13.85,-4.41,2.54
75.5,13.25,0,0,0,0
-120.75,72.25,0,0,0,0
77,13.25,0,0,0,0
-205.75,57.25,0.120176045,10.81,-1.55,-0.59
-144,-8.75,-0.033833655,5.32,-1.79,2.8
220.5,22.75,0,0,0,0
76.25,14.5,0,0,0,0
76.25,14.5,0,0,0,0
-216,61.5,0.118142159,10.41,-4.67,2.56
76,14.5,0,0,0,0
-141,81,0,0,0,0
-222.25,64.5,0.11654003,10.29,-4.68,2.57
-10.25,-10.5,-0.001746412,13.55,-1.33,-0.56
76.75,14.5,0.006660434,41.19,-1.5,-0.46
147,-88.5,-4609679.777,24.75,-4.4,2.2
-151,85.5,0,0,0,0
66,22.5,0.05119877,24.68,-3.5,2.2
-151,86.25,0,0,0,0
-152.75,86.25,0,0,0,0
-225.75,82.5,0.113190551,11.05,-4.65,2.57
76,13.75,0.010663337,18.5,0,0
146,-99,-1204857.87,-23.01,0,0
-226.75,84.75,0.112882167,11.29,-4.64,2.58
75.5,13.5,0,0,0,0
-228.25,86.75,0.112774084,11.24,-4.66,2.6
75.5,12.75,0,0,0,0
-229.5,89.25,0.113081664,11.55,-4.64,2.58
76.5,12.5,0,0,0,0
40.25,-7.25,0.04641616,22.09,-0.5,-0.87
-154.25,101,nan,0,0,0
0,0.75,0.000453289,22.89,-0.9,-0.86
0,1,0.000752035,22.67,-3.98,2.27
0.75,0.75,-0.00162174,22.79,-0.88,-0.86
0.25,1,-0.001829232,22.8,-4.01,2.28
0.5,1,0.000228002,22.62,-0.86,-0.87
0.25,0.5,0.000110729,22.64,-4.01,2.27
0.25,0.75,-0.001072561,22.76,-0.87,-0.86
0,0,0,22.71,-0.87,-0.86
-42.25,1,-0.078865369,20.03,-1.19,-0.7
-257.5,127.25,0.097866027,2.29,-1.57,2.8
70.5,-32,0.02939052,-14.17,-1.7,-0.33
0.25,0.5,-0.000139116,12.6,-0.99,-0.56
1,1,-0.000361567,12.74,-0.93,-0.58
1,0.75,-0.000722339,12.65,-4.01,2.53
1.25,0.75,0.002433716,13.09,-0.9,-0.61
1,1,0.003930848,12.96,-0.87,-0.61
1,0.5,-0.001589199,13.38,-3.95,2.51
2,0.25,0.001956809,13.27,-0.8,-0.63
69.5,18.75,nan,0,0,0
-223,103,0.11221962,15.7,-4.46,2.48
-80.25,26.25,-0.039177081,1.13,-1.41,2.8
82,-25.5,0.033929153,-11,-4.63,2.7
1.25,0.5,-0.000610219,14.3,-3.9,2.47
1.5,0.75,9.91E-05,14.34,-0.75,-0.67
1.5,0.75,-0.002751526,14.26,-3.83,2.44
1,0,0,14.45,-3.88,2.44
1.5,1,0,14.75,-0.79,-0.69
1.25,1.25,-0.000996007,14.71,-3.87,2.44
0.5,1,0.002162373,14.69,-3.86,2.44
1.5,1.25,-0.00030982,14.67,-0.75,-0.69
1,1,0,14.6,-0.73,-0.69
-93,18,-0.037958422,0.85,-1.44,2.8
94,-17,0.031947486,-10.13,-1.45,-0.46
1.25,1,0.000154692,14.79,-0.74,-0.68
1.25,0.5,-0.002918062,14.79,-0.7,-0.7
1,0.5,-0.003152943,14.43,-0.73,-0.69
1,0.75,-0.002702618,14.74,-0.74,-0.7
1.5,1.25,-0.000845586,14.92,-0.74,-0.7
0.75,0.75,-0.001972814,14.55,-3.84,2.43
0.75,0.75,-0.00464063,14.81,-0.76,-0.7
63,4,nan,0,0,0
-68,-25.25,-0.099333113,19.23,-1.26,-0.7
0,0,0,19.3,-0.85,-0.7
69,26.75,0.050798722,25.01,-0.36,-0.94
0.5,0.75,-0.000160634,24.9,-3.9,2.19
1,1.5,0.001660627,24.94,-3.91,2.2
2,2.25,-0.001071669,25.02,-0.77,-0.94
1.5,2.75,0.002924612,25.03,-0.76,-0.94
1.25,3.75,0.003066323,24.93,-3.89,2.19
1.25,4,0.00149729,25.02,-0.78,-0.95
1,4.75,0.004151908,24.94,-0.77,-0.95
1.5,4.5,0.001992137,24.99,-0.76,-0.95
1,4.75,0.002467359,24.93,-0.77,-0.95
-80,-55.75,-0.13118512,19.2,-1.27,-0.7
-257.5,127.25,0.097866027,2.29,-1.57,2.8
126,21,0.020337926,-8.89,-1.41,-0.48
2.5,3.25,-0.000589465,14.02,-6.76,-0.73
2.5,3.25,-0.000400989,13.96,-3.66,-3.86
1.75,3.5,0.003023233,13.92,-6.71,-0.74
2.25,3,0.000984472,14.36,-3.59,-3.88
62.5,3.5,nan,0,0,0
0.25,1.75,0.001896554,24.73,-3.89,2.19
0.75,1.25,-0.000952936,24.7,-0.76,-0.95
0.25,1.25,0.002523753,24.77,-3.9,2.19
-87,-83.75,-0.171494153,19.2,-1.27,-0.7
-257.5,127.25,0.097866027,2.29,-1.57,2.8
144.5,42.5,0.028393399,-6.13,-1.18,-0.6
1.25,1.5,0.006305481,15.59,-6.61,-0.84
1,1.25,-0.001475811,15.48,-3.48,-3.98
1.25,1,0.000197411,15.55,-3.5,-3.97
1.5,1,-0.002077145,15.43,-3.5,-3.96
2,0.75,-0.001486072,15.47,-6.61,-0.83
2.5,0,-0.002064456,15.8,-3.51,-3.97
2.25,7.75,0.004866526,15.48,-3.56,-3.96
1.25,0.25,-0.000154872,14.89,-3.5,-3.95
64,14.5,nan,0,0,0
95.5,104.75,0.07323863,24.84,-0.3,-0.97
0.25,0,0.000885196,24.78,-3.87,2.16
0.25,0,-0.000171001,24.92,-0.76,-0.97
-192.5,78,0.120808902,18.49,-1.16,-0.77
-0.5,-0.25,0.007090868,14.55,-3.65,-3.89
-1.25,-1,-0.002440797,13.98,-3.71,-3.86
-0.25,-0.75,0.001823904,13.49,-3.73,-3.84
-0.5,-1.5,0.002089971,13.1,-6.95,-0.67
0,-1,0.006810303,13.4,-3.88,2.48
-0.25,-1.25,0.0003213,13.17,-3.95,2.49
0.75,-0.75,0.001373545,13.27,-0.92,-0.62
-159,-49,-0.052772103,2.47,-1.51,2.8
159.75,49.25,0.041722934,-12.5,-1.61,-0.38
1.75,3.25,0.003195363,13.63,-0.95,-0.62
2,1.5,-0.000148572,13.49,-0.95,-0.61
2.75,2,0.000430481,13.66,-0.94,-0.63
3.5,3,0,14,-1.01,-0.61
4,2.75,-0.002830187,14.01,-0.95,-0.62
4.25,3.25,0.004653869,13.93,-4.07,2.51
5,3,0,14.28,-4.1,2.5
4.25,2.5,0.000239511,14.4,-1,-0.63
3.75,2.5,0.000209755,14.29,-0.98,-0.64
-191,-73.25,-0.062087515,3.13,-1.61,2.8
194.25,75.75,0.047405679,-12.07,-1.54,-0.41
3.25,2.75,0.005347221,14.48,-4.12,2.49
1,0.75,-0.002876538,14.79,-4.15,2.49
1,1,0,14.73,-4.16,2.49
0.5,0.25,0.004238327,14.64,-4.14,2.48
0.25,0,-0.001905776,14.64,-4.15,2.48
66.25,21.25,nan,0,0,0
-0.5,-1.25,0.000265522,25.28,-3.86,2.1
-0.25,-1,-0.003764833,25.56,-0.7,-1.04
-115.5,-145,-0.407027824,19.34,-1.39,-0.7
115.25,142.75,0.085759839,25.41,-3.28,2.09
-0.75,-2.5,-0.003195605,25.23,-0.73,-1.03
-0.25,-2.25,-0.002749622,25.59,-0.71,-1.04
-1.5,-4,-0.002990091,25.28,-0.74,-1.03
-0.75,-3.5,-0.005495249,25.66,-3.83,2.1
-1,-4.75,-0.003618314,25.61,-3.84,2.1
-2.5,-6.75,-0.006911379,25.13,-0.73,-1.02
-1.25,-5.5,-0.004222144,25.62,-3.85,2.11
2.5,6.25,0.012493085,25.25,-3.84,2.1
-2.25,-7,-0.008276156,25.43,-3.87,2.11
-107.5,-112.25,-0.325481248,19.47,-1.4,-0.69
104.75,105,0.079600201,25.08,-0.19,-1.02
-2.75,-7.25,-0.007413225,25.19,-3.89,2.12
-2.75,-7.25,-0.009389855,25.29,-3.87,2.12
-3.25,-7.75,-0.007956068,25.26,-3.9,2.14
-2.25,-6,-0.007801317,25.12,-3.88,2.14
-3.25,-6.75,-0.007441484,25.13,-0.78,-0.98
-3,-7.25,-0.004926072,24.84,-0.79,-0.97
-1.5,-4,-0.005725877,25.15,-0.77,-0.97
-209,70.75,0.119114989,13.73,-1.39,-0.66
-4.75,-4.25,-0.003874152,14.88,-4.22,2.48
-3.75,-3.75,0.002137658,14.96,-4.25,2.49
-126,5.25,-0.034590444,3.91,-1.71,2.8
122.5,-8.5,0.029153249,-12.7,-4.66,2.72
-3.75,-3.5,1.39E-05,14.9,-1.11,-0.64
-3,-3,0,14.92,-1.09,-0.64
-3.25,-2.25,-0.00157186,14.77,-4.22,2.49
-3.75,-13.25,-0.007774093,15.37,-1.06,-0.67
-2.75,-3,0.001664345,15.33,-4.2,2.46
-3.5,-2.25,0.000945776,15.44,-4.25,2.47
-3.5,-2.75,-0.000950186,15.23,-4.22,2.46
-3.5,-2.75,0.001485725,15.22,-1.12,-0.66
-3.75,-2.25,-0.000952086,15.12,-4.2,2.46
-91.75,43.25,-0.028016863,3.96,-1.77,2.8
88,-46.25,0.025054639,-12.53,-1.49,-0.43
-3.25,-2,0.001681309,15.16,-4.25,2.48
61.75,8,nan,0,0,0
-1.75,-1.25,-0.00068227,23.29,-0.88,-0.89
-1.25,-1,-0.00305943,23.06,-3.99,2.24
-1.75,-0.5,-0.001440415,23.12,-0.88,-0.89
-1,-0.25,-0.000317573,23.03,-0.87,-0.88
-0.75,0.25,0.000341243,22.92,-4,2.26
-1,0.5,-0.001311291,22.87,-4.02,2.26
-37.5,17,-0.095374434,20.2,-1.23,-0.7
0,0,0,19.3,-0.85,-0.7
36.75,-16.75,0.048733726,21.98,-0.5,-0.87
-11.25,-8,-0.00677629,22.71,-4.04,2.29
-0.5,0.75,-0.001486173,22.61,-4.02,2.29
-11.5,-22.25,0.003680622,22.48,-4.02,2.29
-0.5,0.75,-0.001508673,22.59,-4.03,2.3
0,1,-0.000996846,22.48,-4.04,2.3
0,0.75,0.000781491,22.51,-4.03,2.3
0.25,1.25,-0.001417463,22.42,-4.04,2.3
0.5,1.5,-0.00021311,22.57,-0.92,-0.83
0.75,0.75,-0.00064789,22.34,-4.02,2.3
-14.5,40.75,-0.075005075,20.31,-1.18,-0.69
14.75,-39.25,0.043486863,21.51,-0.58,-0.82
0.75,1.5,0.000129709,22.3,-4.02,2.31
0.75,1.25,-0.000905232,22.3,-4.03,2.31
0.75,2.25,-0.001603656,22.34,-4.05,2.31
1,2.5,0,22.3,-0.91,-0.82
1,3,0,22.25,-0.91,-0.82
1,3.5,-0.002727858,22.07,-0.91,-0.82
1,3.75,-0.000753035,21.96,-4.05,2.33
-0.5,-1.75,-0.000394174,22.2,-0.91,-0.81
0.5,4.25,-0.002939289,21.92,-0.91,-0.81
-21,18.5,-0.06242037,20.18,-1.13,-0.7
22,-13.75,0.037566626,20.91,-3.76,2.33
0.75,4.25,-0.004155428,21.66,-0.92,-0.79
0.75,5,-0.00288009,21.44,-4.04,2.35
0.75,5.25,-0.00286635,21.14,-4.05,2.36
0.75,5.25,-0.002566117,21.1,-0.93,-0.77
1,5.5,-0.002468159,20.8,-0.92,-0.76
1,5.25,-0.003315677,20.58,-0.91,-0.75
7.25,15.75,-0.00306511,22.35,-0.86,-0.77
4.75,9.25,0.000336807,21.96,-3.92,2.36
3.25,37.25,0.0092836,19.98,-0.88,-0.72
-42.25,-79,-0.043216143,18.34,-0.82,-0.7
42.75,85.25,0.032672094,20.75,-0.81,-0.71
1.75,5.25,0.000808554,19.49,-3.9,2.43
1.75,6.5,0.003161239,19.61,-3.89,2.42
1.25,5,0.003395539,19.22,-3.89,2.43
2,6.25,0.002198542,19.57,-3.89,2.43
1.75,5.75,0.003400069,19.28,-3.88,2.42
2,5.5,0.001892123,19.34,-0.76,-0.71
1.5,5.25,0.003091173,19.21,-3.86,2.42
2.5,4.75,0.004904719,19.28,-3.88,2.42
1.5,15.75,0.005730163,18.69,-3.91,2.44
-58.75,-145.25,-0.094927728,18.16,-0.75,-0.7
-257.5,127.25,0.097866027,2.29,-1.57,2.8
84.5,83,0.060270783,16.15,0,0
4,2,0,49.67,0,0
5.5,5.25,-0.001396112,6.42,0,0
5.5,2.5,-0.00706548,-31.84,-2.6,-2.96
4.5,0.75,-0.000966097,-28.45,-2.39,-2.88
4.25,0.5,0.004133924,-27.66,-2.29,-2.78
3.25,0.5,-0.006846535,-27.1,-2.07,-2.72
4,-1.25,-0.003236156,-25.74,-1.95,-2.66
2,-4.75,-0.000334633,18.88,0,0
4.5,2.75,-0.001292097,9.23,0,0
-122,-91.5,-0.065112966,-19.48,-3.62,0.58
123.5,87.25,0.046421238,19.2,0,0
3,-1,0,7.31,0,0
1.5,0,0.002472388,7.41,0,0
19.5,4,-0.039145376,8.16,0,0
20.25,12.75,0.00184728,-31.36,0,0
2.75,-1,0.000664786,4.64,-6.92,-0.37
0.5,-6.25,2.67E-05,46.28,0,0
4,4.75,-0.003889816,-31.36,0,0
2.5,-1.25,-0.000539172,7.46,-7.31,-0.39
1,-5.5,0.006533036,49.67,0,0
-178.5,-93.5,-0.023862477,-36.72,0,0
183,96.5,0.016068719,-18.85,-2.04,-0.17
3,-1.25,0.001117904,9.77,-4.44,2.73
2,-4.25,0.002124942,52.41,0,0
3,-2,0,10.53,0,0
2.5,-1,0.002261374,10.71,0,0
2,-1,0,10.79,0,0
70,31.5,nan,0,0,0
-5.75,-15.5,-0.027103528,24.71,-3.91,2.15
0,-0.75,0.000843906,24.67,-3.85,2.14
-111,-157.25,-0.312783726,19.17,-1.33,-0.7
111.5,155.75,0.08058345,24.84,-3.37,2.14
1,-2,0.004247357,24.92,-0.71,-1.01
0.75,-1.75,0.003150987,24.99,-3.83,2.12
1.25,-2,0.002081084,25.31,-0.71,-1.02
1,-2.25,0.00554338,25.41,-3.82,2.1
1.25,-2,0.003543732,25.58,-3.81,2.09
1.5,-2.5,0.003487057,25.69,-3.8,2.07
1.75,-2.75,0.004545473,26.06,-0.67,-1.07
1.75,-2.75,0.006298051,26.14,-3.78,2.05
1.75,-2.75,0.004763112,26.54,-0.66,-1.09
-123.5,-135,-0.449133726,19.31,-1.46,-0.7
125.5,132.75,0.088886019,26.77,-0.01,-1.11
2,-1,0.005292021,26.99,-0.62,-1.13
2.25,-0.75,0.008056999,27.09,-3.72,1.99
2.5,0.75,0.008229753,27.33,-3.73,1.98
2.25,1.75,0.009721738,27.6,-0.59,-1.17
2,2.25,0.007658803,27.69,-0.57,-1.17
2.25,3,0.007575523,27.74,-3.68,1.95
2,2.5,0.007171869,27.78,-3.69,1.94
2.5,3,0.012688859,28.04,-0.56,-1.2
2.25,3,0.008434365,28.22,-3.65,1.92
-145.5,-147.25,-0.858474151,19.29,-1.58,-0.7
148,149.25,0.096122024,28.41,0.22,-1.23
2.75,2.5,0.011477322,28.47,-3.62,1.89
1.75,2.5,0.013062527,28.29,-0.49,-1.26
4.5,-10.25,0.012839098,29.35,-0.44,-1.28
-44,12.75,nan,0,0,0
-41,12.75,nan,0,0,0
-129,18,0.048367061,57.72,0,0
88.5,30.5,nan,0,0,0
-115,24,0.012508489,12.72,0,0
87.5,29.5,nan,0,0,0
86,29,nan,0,0,0
0,0,0,19.3,-0.85,-0.7
166,145.25,0.096659808,64.44,0,0
-28,49.5,nan,0,0,0
-26,48.5,nan,0,0,0
1.5,-0.5,0.018728318,19.36,0,0
-103.5,16.5,-0.168992533,13.03,0,0
83.5,28,nan,0,0,0
-103,15.75,-0.227710827,12.87,0,0
84,29.75,nan,0,0,0
0.5,-0.5,0.009869554,19.64,0,0
-11.5,-10,nan,0,0,0
-101.5,15,-0.270934706,13.31,0,0
-329.5,-39.5,-0.023862477,-40.63,0,0
413,68.5,nan,0,0,0
83,28.5,nan,0,0,0
85,29,nan,0,0,0
84,28.5,nan,0,0,0
-12.5,-10,nan,0,0,0
-13.5,-9.5,nan,0,0,0
-13.5,-9,nan,0,0,0
-16.5,11.5,nan,0,0,0
82.25,26.25,0.010196844,0,0,0
7.75,-55.25,nan,0,0,0
-17.5,-6,nan,0,0,0
163.5,118.25,0.097068224,64.5,0,0
-18.5,-4.5,nan,0,0,0
-46.25,-4.75,nan,0,0,0
-46.25,-4.75,nan,0,0,0
-46.25,-4.75,nan,0,0,0
-46.25,-4.75,nan,0,0,0
-46.25,-4.75,nan,0,0,0
-17,-8,0.013785078,22.16,0,0
17,8,-234334.3158,19.73,0,0
-17,-8,0.013785078,22.16,0,0
17,8,-234334.3158,19.73,0,0
-17,-8,0.013785078,22.16,0,0
17,8,-234334.3158,19.73,0,0
-17,-8,0.013785078,22.16,0,0
-149.5,-98.25,-1247087.884,-25.68,0,0
166.5,106.25,0.096242094,64.7,0,0
-17,-8,0.013785078,22.16,0,0
17,8,-234334.3158,19.73,0,0
-17,-8,0.013785078,22.16,0,0
17,8,-234334.3158,19.73,0,0
-17,-8,0.013785078,22.16,0,0
15,4,-248198.9463,19.62,0,0
-20.5,-6,0.015006072,22.13,0,0
17,2,-177694.1723,19.41,0,0
-23,-4,0.013604948,22.13,0,0
20,1.5,-192125.5,19.23,0,0
-25.5,-2.5,0.010935,22.17,0,0
27.75,6.25,-315831.9416,-16.73,0,0
-34.75,-8.25,0.014445694,17.85,0,0
33.25,7.5,-118863.0821,-15.65,0,0
-40.75,-7.5,0.00786256,67.45,0,0
37,5.75,-650157.1199,-16.13,0,0
-43.5,-6.75,0.005342073,67.5,0,0
41.5,6.5,-1934242.206,-15.93,0,0
-47.5,-7,0.005096168,11.24,0,0
-105.5,-89.75,-6498757.291,-25.68,0,0
-257.5,127.25,0.097866027,2.29,-1.57,2.8
332,-12,0.013732625,41.09,0,0
-91.75,-29.75,-145889.2273,12.5,0,0
57.25,-2.5,0.01858341,52.87,-0.81,-1.46
86,-67.25,-95185.63102,29.34,-3.85,1.92
-180.5,40,0.109625377,57.85,0,0
91,27.5,0.016439458,8.62,0,0
89.5,-66.25,-132907.2872,29.39,-0.72,-1.21
-182,39.25,0.108368721,57.2,-4.3,2.25
94.5,29,0.016264582,53.77,-0.93,-1.42
88.5,-66,-131394.9561,29.48,-0.7,-1.22
-181.75,39.25,0.106868061,56.9,-1.16,-0.89
96.25,30.25,0.017087063,51.74,-0.64,-1.58
87,-65.25,-108990.1788,29.49,-3.82,1.91
-180,35.75,0.104801119,54.99,-1.06,-0.91
97.5,34,0.01132773,69.96,0,0
-46,-93.25,-809151.8227,-25.67,0,0
130.75,30,0.086939268,29.46,0.22,-1.23
-201.75,44.25,nan,0,0,0
-178,34,0.100505754,55.07,-4.25,2.25
99.5,36.5,0.012526071,25.01,0,0
85.5,-31.25,-219050.2146,-15.88,0,0
-72.5,58.75,nan,0,0,0
-186,34.5,nan,0,0,0
-66.25,20,0.004186455,67.43,0,0
67.75,-14,-2318473.384,-15.96,0,0
-159.25,20.75,0.085237648,52.03,-1.06,-0.89
96.75,34,0.009348161,43.38,0,0
66,-48.75,-558768.4224,29.32,0,0
-155.5,23,0.082496881,55.31,-4.36,2.27
95.25,37.5,0.010445327,20.62,0,0
-87.5,-160.75,-1247087.884,-25.67,0,0
150.25,112.75,0.095900157,29.23,-2.82,1.86
-149.25,23.5,0.083815956,57.15,0,0
89.75,33.75,0.009981767,-2.18,0,0
61,-48.75,-515968.3539,29.49,0,0
-144.75,22.5,0.080607251,57.33,0,0
88.5,33,nan,0,0,0
85.75,31.75,0.009188297,-4.3,0,0
58.25,-50,-701425.27,29.39,0,0
-141,23.25,0.079698434,13.89,-1.24,-0.89
85,29.5,nan,0,0,0
83.5,28.75,nan,0,0,0
-141,21.75,0.079585309,57.37,0,0
84.5,29.5,nan,0,0,0
-270,-23,-0.021040246,-40.19,0,0
354,52.5,nan,0,0,0
-142,23,0.079107802,57.32,0,0
82.5,28.5,nan,0,0,0
-3.25,36.5,0.01106944,27.86,-0.57,-1.23
-0.75,-3,-0.005536536,27.94,-3.65,1.9
-1,-3.5,-0.004066501,27.91,-3.67,1.91
-1.25,-4.25,-0.007513958,27.99,-3.68,1.91
-1.5,-5.75,-0.007421346,27.79,-3.67,1.92
-1.5,-5.25,-0.008735416,28.1,-0.56,-1.21
-143.5,-138,-0.852429213,19.34,-1.58,-0.7
141.5,131.75,0.095089956,27.64,0.16,-1.2
-2.25,-6.25,-0.00895254,27.7,-0.56,-1.2
-2,-6,-0.008950179,27.78,-0.59,-1.19
-2.75,-6.25,-0.00974722,27.67,-0.58,-1.18
-1.75,-5.5,-0.01180606,27.64,-3.71,1.95
-2.75,-7,-0.004794444,27.44,-0.61,-1.17
-2.25,-5.25,-0.010071845,27.31,-0.61,-1.16
-2,-5.5,-0.009934698,27.48,-0.62,-1.16
-167.75,48.25,0.109385504,16,-4.4,2.31
-4.75,-2.75,0.000765095,18.04,-1.01,-0.84
-5.25,-2.25,-0.000440595,18.56,-4.15,2.3
-150,-13.5,nan,0,0,0
-2,-11,-0.010212288,27.35,-0.65,-1.13
-2,-2.75,-0.00621825,27.24,-0.65,-1.12
-2,-2,-0.004652,27.13,-0.66,-1.12
-1.5,-0.75,-0.004554434,27.02,-0.67,-1.11
-1.5,-0.25,-0.004473676,26.88,-3.81,2.04
-1.25,0.25,-0.002291188,26.92,-0.68,-1.09
3,-18.75,-0.002409295,27.66,-3.73,2.01
-183.75,61,0.116188954,16.23,-4.33,2.29
-3,1.25,0.002291239,18.21,-4.15,2.29
-2.5,1.75,-0.003842192,18.53,-4.13,2.28
-180,22.5,0.00196016,3.9,-2.03,2.8
0,0,0,-23.88,-2.17,3.04
177.5,-21.5,0.000864617,-9.35,-1.15,-0.61
-2.5,1,0.002080303,18.35,-1,-0.84
-2,2,-0.000600114,19.23,-0.95,-0.86
188.5,-66.5,-0.563471039,28.35,-0.5,-1.09
-189.75,68,0.117923644,18.68,-4.21,2.25
-2.25,1,0.00536973,19.62,-4.07,2.26
-1.5,1,0.002109374,19.51,-4.04,2.26
-2,0.5,0.000700696,19.26,-4.07,2.28
64.5,23,nan,0,0,0
-0.75,-0.75,-0.001203456,26.82,-3.84,2.08
-98.5,-39.5,-0.22617094,19.35,-1.42,-0.7
98.25,38.75,0.071860895,26.72,-3.25,2.08
-0.75,-0.5,0.000558211,26.71,-0.7,-1.06
0,0,-0.002350377,26.73,-3.82,2.07
-0.5,0.5,-0.000669246,26.71,-0.7,-1.06
-192.25,65.5,0.119758673,53.31,-4.29,2.33
308.25,-192.5,0,0,0,0
-0.25,0.75,0.002019388,26.67,-0.7,-1.06
0.75,1.75,-0.000959375,26.59,-3.82,2.08
0.75,3,0.004557423,26.71,-3.84,2.08
0,1.5,0.000385906,26.62,-0.7,-1.06
-99,-47.25,-0.226976684,19.35,-1.42,-0.7
-257.5,127.25,0.097866027,2.29,-1.57,2.8
170.5,-8,0.037967265,29.59,0,0
76,-8.5,nan,0,0,0
-184.5,67.5,0.1230662,11.14,-4.42,2.38
3,5.5,0.001939335,13.86,-4.39,2.39
75.5,-6,0,0,0,0
1.25,6.5,0.006215451,26.57,-0.69,-1.06
1.75,6,0.004262949,26.46,-3.8,2.07
1.25,5,0.006900824,26.5,-0.69,-1.07
-5,-3.5,-0.020004368,26.44,-0.73,-1.04
-105.5,-90.75,-0.28322725,19.26,-1.39,-0.7
107.25,96.25,0.079561806,26.35,-3.28,2.09
-176.25,66.25,0.127716551,11.02,-1.36,-0.72
1.5,1.25,-0.007289021,13.6,-1.28,-0.72
1.5,1.75,0.007051873,13.82,-1.29,-0.72
3,1.75,-0.002610535,13.94,-1.26,-0.73
1,0.25,0.002579549,13.87,-1.27,-0.73
2,0.5,-0.005096049,14.01,-1.25,-0.74
2,-0.75,0.00242853,14.11,-1.24,-0.75
0.5,-0.25,-0.005297234,14,-1.25,-0.74
0.5,0,0.002773323,14.14,-1.23,-0.75
0.5,-0.25,-0.005399363,14.09,-1.24,-0.75
-201,-39.75,-0.084690401,4.85,-2.06,2.8
201,40,0.061615752,-14.55,-1.32,-0.52
0,0,0,14.08,-1.24,-0.75
0.5,5.75,0.00357159,13.62,-1.28,-0.73
-0.25,0.5,0.006427592,13.74,-1.29,-0.72
0,0,0,13.73,-1.27,-0.72
0,1,0,13.68,-1.28,-0.72
3,17,-0.000498784,15.87,-4.38,2.4
0,0,0,15.32,-4.3,2.4
0,0,0,15.32,-4.3,2.4
0,0,0,15.32,-4.3,2.4
-204.25,-64,-0.099307448,4.44,-1.96,2.8
204.25,64,0.067045449,-13,-4.5,2.64
0,0,0,15.32,-4.3,2.4
0,0,0,15.32,-4.3,2.4
0,0,0,15.32,-4.3,2.4
0,0,0,15.32,-4.3,2.4
0,0,0,15.32,-4.3,2.4
0,0,0,15.32,-4.3,2.4
0,0,0,15.32,-4.3,2.4
0,0,0,15.32,-4.3,2.4
-0.25,0,0.00180675,15.41,-4.31,2.41
-204,-64,-0.101938221,4.38,-1.95,2.8
204,64,0.068251961,-12.91,-4.51,2.64
0,0,0,15.35,-4.3,2.41
0.25,-0.5,-0.002441105,15.07,-4.28,2.4
0.5,-0.5,0.005529153,14.83,-4.31,2.4
0.75,-1,-0.000388306,14.42,-4.36,2.41
1,-2,0.006549312,13.94,-1.23,-0.73
3.75,11.25,0.002857709,23.92,-4,2.21
0,-0.5,0.004948477,20.56,-0.72,-0.92
-2.75,-12.75,-0.002571445,10.26,-1.08,-0.74
3,12.25,0.002559577,24.05,-4.05,2.22
-210.5,-70.5,-0.130754254,1.41,-1.86,2.8
210.5,70.5,0.080244059,-4.56,-4.11,2.45
0,0.25,0.001910595,20.71,-3.85,2.22
0.25,0.5,-0.005990976,21.78,-3.77,2.19
0,0.75,5.24E-05,21.7,-0.64,-0.95
-1.25,-1,-0.002239728,19.81,-3.86,2.23
-0.75,0.5,-0.002483741,20.16,-0.72,-0.9
-3.75,-12.75,-0.003567513,9.6,-1.11,-0.7
3,14,-0.004429433,23.82,-0.95,-0.88
-4.25,-13.5,-0.000318133,9.16,-1.13,-0.66
-1.5,0.25,-0.003334094,13.28,-1.36,-0.65
-202.25,-59.5,-0.100279777,5.4,-1.95,2.8
201.75,60,0.06909491,-15.99,-1.54,-0.4
-1.5,0.5,-0.003274518,13.18,-4.45,2.49
-1.75,2.75,-0.005558246,14.23,-1.37,-0.64
-1.5,-1.5,-0.002365541,13.01,-4.46,2.52
-1.75,1,0.005215892,13.54,-4.46,2.51
-1.25,0.5,-0.007155494,13.43,-1.38,-0.6
8.5,3.5,-0.002843875,13.79,-4.42,2.52
-1.5,1,-0.006245271,13.69,-4.47,2.53
-1.5,1.25,0.001544253,13.74,-4.45,2.54
-1.5,1.25,0.001118224,13.85,-1.3,-0.59
-198,-70,-0.07462274,5.27,-1.79,2.8
195.75,71.75,0.055721737,-15.08,-1.68,-0.35
-2.25,1.25,-0.001993737,13.54,-1.25,-0.58
-1.75,1.5,0.002705166,13.44,-4.39,2.56
-1.75,1,0.000785694,13.38,-1.28,-0.56
-2.25,0.75,0.002722904,13.16,-4.37,2.58
-1.25,1.25,0.000206884,13.17,-1.26,-0.55
-1,0.5,0.000955124,13.09,-1.2,-0.55
-0.75,0.75,0.002043108,13.29,-4.32,2.59
-0.25,3,0.000128753,12.76,-1.14,-0.55
-0.5,0,-0.001756955,12.74,-1.12,-0.55
-184,-81.75,-0.084555608,3.68,-1.53,2.8
55.5,-7.5,nan,0,0,0
0,0,0,24.79,-3.88,2.15
0.25,-0.5,-0.001463966,24.8,-3.87,2.15
-0.25,-0.25,-0.001930291,24.8,-0.75,-0.99
0,-0.75,0.000903145,24.89,-0.74,-0.98
-0.25,-1,0.00016512,24.77,-3.87,2.15
0,-1,0,24.82,-3.88,2.15
0,0.25,-0.001354415,24.81,-3.86,2.14
0,0,0,24.79,-3.87,2.14
0,0,0,24.79,-3.87,2.14
-107.25,-144,-0.334735851,19.28,-1.33,-0.7
107.25,143.75,0.08201431,24.82,-3.39,2.15
0,0,0,24.83,-3.88,2.15
0,0.25,-0.001354415,24.81,-3.86,2.14
0,0,0,24.79,-3.87,2.14
-0.25,0.25,-0.0019163,24.81,-0.75,-0.99
0.5,0.5,0.003374796,24.78,-3.88,2.15
0,0,-0.000330975,24.93,-0.74,-0.99
0,0.75,-0.000909034,24.83,-0.73,-0.99
0.25,0.25,0.001903953,24.83,-3.86,2.15
0,0.75,0.001352923,24.82,-0.75,-0.99
-107.75,-146.5,-0.346302858,19.29,-1.33,-0.7
108,147.25,0.08223593,24.89,-0.27,-0.98
0.25,1,0.001009973,24.78,-3.86,2.15
0,0.75,0.002204415,24.97,-0.77,-0.98
0.25,0.75,0.000102398,24.79,-3.86,2.15
0.25,0.25,-0.000102473,24.81,-0.74,-0.99
-0.25,0.75,0.000102398,24.79,-3.88,2.15
